url,label,title,content,source
https://tuoitre.vn/phap-luat/chuyen-phap-dinh.htm,Pháp luật,Chuyện pháp đình,"Thêm chuyên mục, tăng trải nghiệm vớiTuổi Trẻ Sao Từ ngày 1-1-2023, Tuổi Trẻ Online giới thiệuTuổi Trẻ Sao- phiên bản đặc biệt dành riêng cho các thành viên với nhiều chuyên mục và trải nghiệm thú vị, bao gồm:Tư vấn pháp luật, Hỏi chuyện sức khỏe; Xem nhật báo sắc nét trên mạng (E-paper), Tuổi Trẻ Live(trực tiếp các sự kiện thời sự nóng bỏng, hấp dẫn). Tuổi Trẻ Saođược thiết kế thông thoáng với tất cả các trang, chuyên mục và video đều không có quảng cáo hiển thị, không làm ngắt quãng sự tập trung của bạn đọc. Bằng cách đóng gópSao, thành viênTuổi Trẻ Saocó thể tham gia các hoạt động và tương tác trên nền tảng Tuổi Trẻ Online như tặngSaocho tác giả và các bài viết yêu thích, đổi quà lưu niệm trong chương trình, đăng ký quảng cáo, mua sắm trực tuyến. Báo Tuổi Trẻ phát triểnTuổi Trẻ Saonhằm từng bước nâng cao chất lượng nội dung, tăng khả năng kết nối, tương tác và thực hiện các nội dung mới theo nhu cầu của số đông công chúng. Chúng tôi hy vọngTuổi Trẻ Saosẽ góp phần chăm sóc, phục vụ và mang lại những trải nghiệm mới mẻ, tích cực hơn cho cộng đồng độc giả của Tuổi Trẻ Online. TTO",Tuoitre
https://tuoitre.vn/chong-mat-nang-luc-hanh-vi-dan-su-vo-co-duoc-ban-dat-khong-20260306231620865.htm,Pháp luật,"Chồng mất năng lực hành vi dân sự, vợ có được bán đất không?","- Luật sư Hoàng Hà (Đoàn luật sư TP.HCM) trả lời: Đây là một tình huống pháp lý rất phổ biến nhưng cũng vô cùng nhạy cảm, vì liên quan trực tiếp đến việc định đoạt tài sản lớn khi một bên không còn khả năng nhận thức. Người vợ có quyền bán mảnh đất đó nhưng bắt buộc phải ra tòa án và phải thực hiện một chuỗi thủ tục pháp lý vô cùng chặt chẽ để bảo vệ quyền lợi của người chồng. Người vợ không thể tự ý manggiấy chứng nhận quyền sử dụng đấtđi bán ngay lập tức. Tình trạng ""mất khả năng hành vi dân sự"" do tai nạn, bệnh lý hay tuổi già không thể do gia đình hay bác sĩ tự nhận định và quyết định. Vì vậy bắt buộc phải ra tòa án để tuyên bố ""mất năng lực hành vi dân sự"" theo quy định tại khoản 1 Điều 22Bộ luật Dân sự2015: ""Khi một người do bị bệnh tâm thần hoặc mắc bệnh khác mà không thể nhận thức, làm chủ được hành vi thì theo yêu cầu của người có quyền, lợi ích liên quan hoặc của cơ quan, tổ chức hữu quan, tòa án ra quyết định tuyên bố người này là người mất năng lực hành vi dân sự trên cơ sở kết luận giám định pháp y tâm thần"". Trong trường hợp bạn hỏi thì người vợ bắt buộc phải nộp đơn yêu cầu tòa án nhân dân có thẩm quyền ra quyết định tuyên bố người chồng mất năng lực hành vi dân sự. Tòa án sẽ đưa ra quyết định này dựa trên kết luận giám định pháp y tâm thần. Sau khi tòa án có quyết định tuyên bố người chồng mất năng lực hành vi dân sự, căn cứ theo khoản 1 Điều 53Bộ luật Dân sự2015, người vợ sẽ đương nhiên trở thành người giám hộ hợp pháp của chồng. Từ thời điểm này, người vợ mới có tư cách đại diện theo pháp luật để quản lý và định đoạt tài sản thay cho người chồng. Theo thông tin bạn cung cấp thì mảnh đất do Nhà nước cấp (dù được xác định là tài sản chung của vợ chồng hay tài sản riêng của người chồng) thì người chồng vẫn có quyền tài sản trong đó. Việc người vợ bán mảnh đất này thực chất là đang định đoạt tài sản của người được giám hộ. Căn cứ Điều 59 Bộ luật Dân sự 2015 quy định về quản lý tài sản của người được giám hộ, việc bán mảnh đất phải đáp ứng hai điều kiện cốt lõi: Thứ nhất là mục đích bán. Việc bán đất chỉ được phép thực hiện để đáp ứng nhu cầu thiết yếu hoặc vì lợi ích của người chồng (ví dụ: lấy tiền trang trải chi phí y tế, phẫu thuật, chăm sóc sức khỏe cho chính người chồng). Tuyệt đối không được bán vì mục đích cá nhân của người vợ hay người khác. Thứ hai có điều kiện bắt buộc tuân theo. Quá trình bán tài sản có giá trị lớn như bất động sản bắt buộc phải có sự đồng ý bằng văn bản của người giám sát giám hộ. Người giám sát giám hộ thường là cha, mẹ, con đã thành niên hoặc anh, chị, em ruột của người chồng được cử ra để giám sát việc người vợ làm giám hộ. Tóm lại, lộ trình thực hiện đúng luật sẽ là: Bước 1: Nộp đơn ra tòa án yêu cầu tuyên bố chồng mất năng lực hành vi dân sự. Bước 2: Cử người giám sát giám hộ từ phía gia đình chồng hoặc người thân thích. Bước 3: Người vợ (tức là người giám hộ) lập văn bản thỏa thuận với người giám sát giám hộ về việc bán đất để lấy tiền chữa bệnh, chăm sóc cho chồng. Bước 4: Mang toàn bộ hồ sơ (quyết định của tòa, văn bản đồng ý của người giám sát giám hộ, giấy chứng nhận quyền sử dụng đất...) ra tổ chức hành nghề công chứng để ký hợp đồng chuyển nhượng và thực hiện thủ tục sang tên tại cơ quan đăng ký đất đai. Với đội ngũ các luật sư và chuyên gia pháp lý dày dạn kinh nghiệm trên tất cả các lĩnh vực như hôn nhân - gia đình, kinh doanh - thương mại, mua bán đất đai, sở hữu trí tuệ, lao động, hộ tịch, thừa kế..., chuyên mục Tư vấn pháp luật trên Tuổi Trẻ Sao sẽ giải đáp thắc mắc của bạn một cách nhiệt tình, nhanh chóng, chính xác, hiệu quả. Bạn đọc vui lòng gửi câu hỏi (gõ bằng tiếng Việt có dấu, font chữ UNICODE) về Tuổi Trẻ Sao qua địa chỉ tuvanphapluat@tuoitre.com.vn. Có được đăng ký kết hôn với người hạn chế năng lực hành vi dân sự không?",Tuoitre
https://tuoitre.vn/cong-an-ha-noi-trien-khai-dong-bo-cac-phuong-an-san-sang-bao-ve-an-ninh-trat-tu-bau-cu-20260310110817655.htm,Pháp luật,"Công an Hà Nội triển khai đồng bộ các phương án, sẵn sàng bảo vệ an ninh trật tự bầu cử","Ngày 10-3, Công an TP Hà Nội cho biếtbầu cửđại biểu Quốc hội khóa XVI và Hội đồng nhân dân các cấp nhiệm kỳ 2026-2031 là sự kiện chính trị có ý nghĩa quan trọng, với hơn 6 triệu cử tri, 4.097 khu vực bỏ phiếu tại 126 đơn vị hành chính cấp xã, Hà Nội là địa phương có quy mô tổ chức bầu cử lớn nhất cả nước. Để bảo đảm tuyệt đối an ninh, an toàn cho ngày hội lớn của toàn dân, lực lượng công an các cấp trong Công an TP Hà Nội đã vào cuộc từ sớm, triển khai đồng bộ các phương án, kế hoạch cụ thể, chi tiết, sát với tình hình thực tế của mỗi địa bàn. Xây dựng, ban hành, triển khai đồng bộ hệ thống văn bản chỉ đạo, kế hoạch bảo đảman ninh trật tựphục vụ cuộc bầu cử, đồng thời thành lập Ban chỉ huy bảo vệ bầu cử của Công an TP để tập trung chỉ đạo, điều hành thống nhất các phương án. Trong quá trình triển khai nhiệm vụ, Công an TP đã tham mưu Thành ủy, Ủy ban Bầu cử thành phố nhiều giải pháp quan trọng trong công tác bảo đảm an ninh trật tự... Để bảo đảm quyền và lợi ích hợp pháp của người dân, lực lượng công an các cấp đã tập trung rà soát, lập danh sách cử tri theo đúng quy định. Với tinh thần rà từng trường hợp, chắc từng dữ liệu, cán bộ, chiến sĩ cảnh sát khu vực thường xuyên xuống địa bàn cư trú để cập nhập và làm sạch dữ liệu. Toàn bộ 126/126 xã, phường đã sử dụng phần mềm quản lý cử tri thống nhất trên toàn quốc, kết nối trực tiếp với Cơ sở dữ liệu quốc gia về dân cư. Việc lập, điều chỉnh, bổ sung danh sách cử tri được thực hiện trên nền tảng dữ liệu số, bảo đảm mỗi cử tri được lập danh sách và bỏ phiếu duy nhất tại một địa bàn. Cũng theo Công an TP Hà Nội, đối với các cơ sở giam giữ, cai nghiện bắt buộc trên địa bàn, đơn vị cũng đã chủ động rà soát, lập danh sách cử tri theo đúng quy định của pháp luật. Tại các địa điểm bỏ phiếu, các đơn vị công an cơ sở chủ động khảo sát, nắm chắc tình hình địa bàn để xây dựng phương án bảo đảm an ninh trật tự một cách cụ thể, sát với thực tiễn. Trên cơ sở đó bố trí, phân công nhiệm vụ rõ ràng cho từng bộ phận, từng cán bộ, chiến sĩ, bảo đảm xử lý mọi tình huống có thể phát sinh. Đồng thời duy trì chế độ trực ban, trực chiến tại trụ sở để sẵn sàng tiếp nhận thông tin, phối hợp giải quyết các vụ việc liên quan đến an ninh trật tự trên địa bàn. Lực lượng cảnh sát phòng cháy chữa cháy và cứu nạn cứu hộ đã chủ động kiểm tra điều kiện an toàn phòng cháy tại các địa điểm bỏ phiếu, xây dựng phương án xử lý khi có sự cố cháy, nổ xảy ra... Song song với các hoạt động bảo đảm an ninh truyền thống, công tác bảo đảm an ninh trên không gian mạng cũng được Công an TP Hà Nội đặc biệt chú trọng. Các đơn vị  tập trung rà soát, nắm tình hình, kịp thời phát hiện, xử lý nghiêm các trường hợp đưa tin giả, tin sai sự thật, xuyên tạc công tác tổ chức bầu cử, kích động mất đoàn kết… Những cử tri của tỉnh Khánh Hòa đã bỏ phiếu bầu cử đại biểu Quốc hội và HĐND tại các điểm bầu cử ở đặc khu Trường Sa.",Tuoitre
https://tuoitre.vn/bat-truong-phong-mot-ngan-hang-cung-hai-thuoc-cap-vi-lam-gia-chung-tu-20260305204239951.htm,Pháp luật,Bắt trưởng phòng một ngân hàng cùng hai thuộc cấp vì  làm giả chứng từ,"Ngày 5-3, Công an TPHải Phòngđã thông tin về kết quả điều tra mở rộng vụ án lừa đảo chiếm đoạt tài sản liên quan đến dự án khu nhà ở Anh Dũng IV. Theo Công an TP Hải Phòng, quá trình mở rộng vụ án phát hiện Trần Huy Cường, sinh năm 1973, trú tại phường Gia Viên, TP Hải Phòng (nguyên là Tổng giám đốc, Chủ tịch hội đồng quản trị Công ty cổ phần thương mại Thủy Nguyên),lừa đảo chiếm đoạt tài sản, liên quan đến dự án khu nhà ở Anh Dũng IV, phường Hưng Đạo, TP Hải Phòng. Lực lượng chức năng đã ra quyết định khởi tố vụ án, khởi tố bị can và ra lệnh bắt bị can để tạm giam đối với Trần Huy Cường về hành vi lừa đảo chiếm đoạt tài sản quy định tại khoản 4, điều 174 Bộ luật Hình sự; Phạm Thị Thu Thảo, sinh năm 1985, trú tại phường Lê Chân, TP Hải Phòng và Phạm Thị Bích Phượng, sinh năm 1971, trú tại 52A Đội Văn, phường Hồng Bàng, TP Hải Phòng, về hành vi cho vay lãi nặng trong giao dịch dân sự quy định tại khoản 2, điều 201 Bộ luật Hình sự. Ngoài ra, cơ quan điều tra đã khởi tố bị can đối với Phạm Thị Thanh, sinh năm 1969, trú tại phường Lê Chân, TP Hải Phòng, là chủ mưu, cầm đầu trong đường dây cho vay lãi nặng. Đặc biệt, ngay sau Tết Nguyên đán 2026, Cơ quan cảnh sát điều tra Công an TP Hải Phòng đã triệu tập, làm việc với những người liên quan và làm rõ Trần Huy Cường đã sử dụng 40 giấy chứng nhận quyền sử dụng đất của dự án thế chấp tại Ngân hàng Agribank chi nhánh Kiến Thụy để vay vốn tại ngân hàng, nhưng các khoản vay của Cường không đảm bảo về điều kiện cấp tín dụng của ngân hàng. Để giải ngân các khoản vay cho Cường, các cán bộ, nhân viên ngân hàng gồm Nguyễn Tuấn Đạt, sinh năm 1991 - Trưởng phòng khách hàng của Ngân hàng Agribank chi nhánh Kiến Thụy; Đào Thị Phương Thảo, sinh năm 1988 - Phó trưởng phòng khách hàng của Ngân hàng Agribank chi nhánh Kiến Thụy và Phạm Vinh Quang, sinh năm 1995 - nhân viên phòng khách hàng Ngân hàng Agribank chi nhánh Kiến Thụy, đã bàn bạc và làm giả các chứng từ để khoản vay của Cường đủ điều kiện cấp tín dụng, gây hậu quả đặc biệt nghiêm trọng. Căn cứ tài liệu điều tra, ngày 4-3, Cơ quan cảnh sát điều tra Công an TP Hải Phòng đã ra quyết định khởi tố bị can và lệnh bắt bị can để tạm giam đối với Đào Thị Phương Thảo, Phạm Vinh Quang, Nguyễn Tuấn Đạt để điều tra về hành vi vi phạm quy định về hoạt động ngân hàng quy định tại khoản 4, điều 206 Bộ luật Hình sự. Hiện Văn phòng Cơ quan cảnh sát điều tra Công an TP Hải Phòng đang tiếp tục điều tra mở rộng vụ án để xử lý theo quy định. Cơ quan cảnh sát điều tra Công an thành phố Hải Phòng đã ban hành quyết định truy nã đối với bà Phạm Thị Thanh, chủ mưu cho vay lãi nặng với số tiền giao dịch hàng trăm tỉ đồng.",Tuoitre
https://tuoitre.vn/truy-to-79-bi-can-mua-ban-ma-tuy-to-chuc-bay-lac-trong-chung-cu-cao-cap-20260307164305857.htm,Pháp luật,"Truy tố 79 bị can mua bán ma túy, tổ chức 'bay lắc' trong chung cư cao cấp","Theo đó, bị can Ngô Văn Minh (30 tuổi) và 78 đồng phạm bị Viện KSND TP.HCM truy tố về các tội mua bán trái phép chất ma túy, tàng trữ trái phép chất ma túy, tổ chức sử dụng trái phép chất ma túy, không tố giác tội phạm… Theo cáo trạng, chiều 19-11-2024, tại quận 12 (cũ), lực lượng chức năng phát hiện Trần Văn Đ. (tài xế taxi) đang giao một thùng giấy chứa gần 3kg methamphetamine và hơn 5kgketaminecho Nguyễn Thái Bảo. Qua điều tra, tài xế Đ. chỉ là người giao hàng đơn thuần trên ứng dụng, không hề biết bên trong chứa ma túy. Mở rộng điều tra, cơ quan chức năng xác định tháng 8-2024 Ngô Văn Minh được người tên Trường (không rõ lai lịch) thuê nhận, phân lẻ và giao ma túy cho người mua, tiền công từ 2-3 triệu đồng/lần. Minh thuê Lý Đạt Thắng phụ giúp phân phối. Các đối tượng đã tận dụng tối đa sự tiện lợi của các ứng dụng giao hàng để vận chuyển ma túy nhằm tránh sự chú ý của công an. Để ngụy trang, ma túy thường được giấu trong các gói ni lông in đơn hàng Shopee, hộp yến hoặc hộp trà. Chỉ riêng trong ngày 19-11-2024, khi khám xét các điểm liên quan đến Minh và Thắng, cơ quan chức năng đã thu giữ lượng tang vật ""khủng"" gồm hơn 24kg methamphetamine, hơn 3kg ketamine và hàng nghìn viên thuốc lắc. Trong vụ án, có 39 bị can bị Viện KSND TP.HCM truy tố về tội tổ chức sử dụng trái phép chất ma túy. Theo cáo trạng, các đối tượng thuê hàng loạt chung cư cao cấp tại TP.HCM để làm nơi cất giữ hoặc tổ chứcsử dụng ma túy. Tại đây, các đối tượng không chỉ mua bán mà còn tổ chức các buổi tiệc ma túy xuyên đêm. Điển hình, bị can Nguyễn Hoàng Nam (ngụ tạicăn hộchung cư Kingdom). Nam nhiều lần thuê các đối tượng nữ đến phục vụ sử dụng ma túy qua đêm. Ngày 16-2-2025, Nam thuê Trần Thị Kiều và Trần Thị Thảo với giá 18 triệu đồng/đêm. Đến ngày 22-2-2025, Nam tiếp tục thuê Phan Thị Hồng Thư và Phan Hoàng Quý phục vụ với tổng tiền công lên đến 21 triệu đồng. Buổi tiệc ma túy này kéo dài suốt 3 ngày, đến ngày 25-2-2025 thì bị cơ quan chức năng phát hiện. Ngoài trường hợp của Nguyễn Hoàng Nam, cáo trạng còn ghi nhận rất nhiều vụ tổ chức sử dụng trái phép chất ma túy khác với tính chất phức tạp và thủ đoạn tương tự. Bị can Lê Phát Tài và Nguyễn Thanh Tấn đã biến văn phòng công ty tại quận Tân Phú (cũ) thành nơi ""bay lắc"", thuê các đối tượng đến phục vụ việc sử dụng ma túy với giá từ 2 - 3 triệu đồng cho mỗi ca phục vụ. Có thời điểm, nhóm này tụ tập lên đến 8 người để cùng hít ketamine và uống nước vui. Bị can Nguyễn Thị Hằng thì thuê một căn nhà tại quận Bình Tân (cũ), sau đó cải tạo các phòng, lắp đặt hệ thống loa, đèn chiếu sáng và chuẩn bị sẵn dụng cụ để cho khách thuê làm nơi sử dụng ma túy. Hằng còn kiêm luôn việc mua hộ ma túy cho khách và gọi thêm người phục vụ đến ""bay"" cùng khách để thu tiền công. Hay bị can Nguyễn Như Phong, Tần Lê Hoàng và Nguyễn Tiến Triệu cùng góp tiền thuê căn hộ tại chung cư để làm nơi ở và tổ chức sử dụng ma túy. Nhóm này thường xuyên đặt mua ketamine, thuốc lắc (MDMA) và nước vui hiệu Ferrari rồi rủ thêm bạn bè đến cùng sử dụng xuyên đêm. Đáng chú ý, một bộ phận bị can còn hành nghề ""phục vụ bay lắc"" chuyên nghiệp. Các đối tượng như Nguyễn Thị Hoa, Nguyễn Thị Huyền Trân, Trần Thị Thảo… được thuê đến các căn hộ với giá từ 2 - 18 triệu đồng mỗi đêm chỉ để thực hiện các công việc như ""xào"" ma túy, kẻ đường, cuộn ống hút và cùng sử dụng ma túy với khách. Ông Lê Văn Đông (Viện trưởng Viện kiểm sát nhân dân TP.HCM) cho biết thực tiễn công tác kiểm sát cho thấy tình hình tội phạm ma túy trên địa bàn thành phố vẫn diễn biến phức tạp với tính chất nghiêm trọng. Các đối tượng ngày càng hoạt động tinh vi, có tổ chức, liên tỉnh, thậm chí xuyên quốc gia; đồng thời lợi dụng không gian mạng, các ứng dụng công nghệ và dịch vụ giao nhận để che giấu hành vi phạm tội. Ma túy không chỉ là nguồn gốc phát sinh nhiều loại tội phạm khác mà còn trực tiếp đe dọa sự an toàn của cộng đồng và tương lai của thế hệ trẻ. Theo ông Đông, Viện kiểm sát nhân dân TP.HCM xác định đấu tranh với tội phạm ma túy là nhiệm vụ trọng tâm, thường xuyên và không có vùng cấm. ""Chúng tôi kiên quyết thực hiện phương châm xử lý nghiêm minh - không khoan nhượng - không để lọt tội phạm, không làm oan người vô tội. Đồng thời tăng cường phối hợp chặt chẽ với các cơ quan tiến hành tố tụng để đẩy nhanh tiến độ điều tra, truy tố, xét xử các vụ án ma túy lớn, triệt phá tận gốc các đường dây, tổ chức tội phạm"", ông Đông nhấn mạnh. Lãnh đạo Thành ủy TP.HCM cho rằng nhiều vụ án lớn đã được phá thời gian qua, điển hình như vụ án ma túy liên quan các tiếp viên hàng không. Điều này góp phần vào việc phòng chống ma túy, giảm tệ nạn xã hội khác.",Tuoitre
https://tuoitre.vn/cap-khong-bang-lai-xe-giam-doc-trung-tam-ky-nang-thuc-hanh-co-gioi-giao-thong-van-tai-hau-toa-20260310092818836.htm,Pháp luật,"Cấp khống bằng lái xe, giám đốc Trung tâm Kỹ năng thực hành cơ giới giao thông vận tải hầu tòa","Trong đó, ông Hồ Văn Búp (Giám đốc Trung tâm Kỹ năng thực hành cơ giớigiao thông vận tải), ông Nguyễn Văn Dương (Phó giám đốc trung tâm) bị xét xử về tội giả mạo trong công tác, lợi dụng chức vụ, quyền hạn trong khi thi hành công vụ, mua bán trái phép hóa đơn chứng từ thu nộp ngân sách nhà nước, đưa hối lộ. Các bị cáo Trần Ngọc Nhân (kiểm tra viên Phòng Thanh tra kiểm tra số 3, Cục Thuế TP.HCM), Trần Thị Thanh An (chuyên viên Phòng Thanh tra kiểm tra số 3, Cục Thuế TP.HCM) bị xét xử về tội nhận hối lộ. Các bị cáo còn lại bị xét xử về các tội: Giả mạo trong công tác, lợi dụng chức vụ, quyền hạn trong khi thi hành công vụ, mua bán trái phép hóa đơn chứng từ thu nộp ngân sách nhà nước, đưa hối lộ. Theo cáo trạng, theo quy định thì điều kiện được dự thi kết thúc môn học là tham dự ít nhất 70% thời gian lên lớp lý thuyết, 80% thời gian thực hành thực tập. Từ 1-10-2021 đến tháng 9-2022, Trung tâm Kỹ năng thực hành cơ giới giao thông vận tải đào tạo 53.854 học viên. Tuy nhiên do quá trình đào tạo, học viên không đến học đủ số thời gian theo quy định nên không đủ điều kiện thi tốt nghiệp. Đồng thời học viên thi không đạt nhiều nên ngày càng ít người đến trung tâm để nộp hồ sơ thi bằng lái ô tô, dẫn đến trung tâm sẽ bị thất thu, không có tiền chi trả cho các cán bộ, công nhân viên. Khoảng đầu tháng 11-2021, ông Nguyễn Văn Dương (Phó giám đốc trung tâm) đưa ra phương án không bắt học viên học lý thuyết, thi hết môn, mà chỉ hợp thức hóa số buổi đi học của học viên, hợp thức hóa việc thi hết môn của học viên. Phương án này được ông Hồ Văn Búp (Giám đốc trung tâm) đồng ý. Sau đó chủ trương này được quán triệt đến tất cả các nhân viên, giáo viên dạy lý thuyết là không tổ chức học tập trung và phân công nhiệm vụ cho từng người cụ thể ký khống, hợp thức hóa các sổ sách, bài thi. Kết quả điều tra xác định riêng trung tâm của ông Búp đã cấp khống chứng chỉ sơ cấp nghề cho 3.854 học viên, gây thiệt hại cho trung tâm hơn 14,6 tỉ đồng. Tương tự, tại Trung tâm Đào tạo lái xe do Lê Thanh Hải làm giám đốc, dù không tổ chức dạy thực tế nhưng vẫn phù phép hồ sơ để cấp chứng chỉ cho hàng ngàn người, thu lợi bất chính từ việc chi trả lương khống cho giáo viên. Để rút tiền chi hoa hồng cho người môi giới và chia chác cá nhân, các bị cáo đã thiết lập một hệ thống mua bán hóa đơn xăng dầu khống quy mô lớn. Cụ thể, ông Búp cùng cấp dưới đã liên hệ với các doanh nghiệp như DNTN Phương Thiện, Công ty Thanh Bình để mua hàng trăm hóa đơn giá trị gia tăng khống. Tháng 6-2022, đoàn kiểm tra của Cục Thuế TP.HCM kiểm tra tại Trung tâm Kỹ năng thực hành cơ giới giao thông vận tải đã phát hiện nhiều sai phạm về thuế, với số tiền truy thu có thể lên đến hơn 40 tỉ đồng. Lo sợ bị xử lý, Hồ Văn Búp đã chỉ đạo cấp dưới rút 1 tỉ đồng từ nguồn tiền chiếm đoạt được của giáo viên để đưa hối lộ cho hai cán bộ thuế là Trần Ngọc Nhân và Trần Thị Thanh An. Mục đích của khoản tiền này là để các cán bộ thuế bỏ qua các lỗi vi phạm, giúp trung tâm hợp thức hóa các khoản chênh lệch thu chi. Theo dự kiến, TAND TP.HCM sẽ đưa ra xét xử 30 bị cáo liên quan sai phạm xảy ra tại các trung tâm trực thuộc Trường cao đẳng Giao thông vận tải Trung ương III vào ngày 10-3.",Tuoitre
https://tuoitre.vn/bat-tai-xe-xe-cong-nghe-dap-pha-vali-khach-nu-truoc-nha-ga-t3-tan-son-nhat-20260309211201103.htm,Pháp luật,Bắt tài xế xe công nghệ đập phá vali khách nữ trước nhà ga T3 Tân Sơn Nhất,"Chiều tối ngày 9-3, Cơ quan cảnh sát điều tra Công an TP.HCM đã thi hành lệnh bắt người bị giữ trong trường hợp khẩn cấp đối với Bùi Quang H. (35 tuổi, hiện ngụ phường Bảy Hiền) để điều tra về hành vi ""gây rốitrật tự công cộng"". Trước đó, Công an phường Bảy Hiền tiếp nhận thông tin về việc một tài xế xe ôm công nghệ có hành vi đập phá hành lý, gây rối trật tự công cộng xảy ra trước khu vực cổng nhà ga T3, Cảng hàng không quốc tế Tân Sơn Nhất. Công an phường Bảy Hiền đã khẩn trương rà soát, xác minh, mời bị hại về phối hợp hỗ trợ điều tra. Đồng thời truy tìm, đưa Bùi Quang H. về trụ sở để làm việc. Bước đầu xác định, khoảng 0h15 ngày 8-3, chị Đ.T.T. (39 tuổi) sau khi xuống máy bay từ Hà Nội vào TP.HCM đã ra khu vực cổng số 2 nhà ga T3 để tìm đón xe đi về nhà. Tại đây sau khi hỏi giá, chị T. nhận thấy H. có biểu hiện sử dụng rượu bia nên không tiếp tục thuê xe. Chị đi sang khu vực gần đó để chờ xe khác. Cho rằng chị T. gọi xe nhưng không đi, H. lớn tiếng chửi bới và kéo hành lý của chị T. ra giữa đường rồi đập phá. Sự việc chỉ dừng lại khi một số tài xế xe ôm công nghệ và người dân gần đó chạy đến can ngăn. Cơ quan công an nhận định hành vi của H. đã gây mất trật tự công cộng tại khu vực đông người, ảnh hưởng xấu đến an ninh trật tự tại cửa ngõ Cảng hàng không quốc tế Tân Sơn Nhất, gây bức xúc trong dư luận. Công an TP.HCM khuyến cáo người dân cần kiềm chế, ứng xử văn minh trong các mối quan hệ xã hội, đặc biệt tại các khu vực công cộng, nơi tập trung đông người. Mọi hành vi gây rối trật tự công cộng, xâm phạm tài sản hoặc đe dọa an toàn của người khác đều sẽ bị xử lý nghiêm theo quy định của pháp luật. Trần Triệu Quí (26 tuổi, trú khu phố Ninh Tịnh 6, phường Bình Kiến, Đắk Lắk) đánh người phụ nữ bán hàng tạp hóa đang mang thai tại phường Tuy Hòa, bị tuyên phạt 6 tháng tù.",Tuoitre
https://tuoitre.vn/con-cai-co-duoc-lam-chung-trong-di-chuc-cua-bo-me-khong-20260308095250187.htm,Pháp luật,Con cái có được làm chứng trong di chúc của bố mẹ không?,"Bố mẹ tôi muốn lậpdi chúcđể lại tài sản cho anh, chị, em chúng tôi là con. Vậy chúng tôi có thể làm chứng trong di chúc của bố mẹ chúng tôi không? Lê Huyền Trang (Quảng Ngãi) * Luật giaPhạm Văn Chung(Sở Tư pháp tỉnh Quảng Ngãi) trả lời: Theo điều 632 Bộ luật Dân sự năm 2015 thì người làm chứng cho việc lập di chúc được quy định, cụ thể như sau: Mọi người đều có thể làm chứng cho việc lập di chúc, trừ những người sau đây: - Người thừa kế theo di chúc hoặc theopháp luậtcủa người lập di chúc. - Người có quyền, nghĩa vụ tài sản liên quan tới nội dung di chúc. - Người chưa thành niên, người mấtnăng lựchành vidân sự, người có khó khăn trong nhận thức, làm chủ hành vi. Như vậy, nếu các anh, chị, em của chị là người thừa kế theo di chúc hoặc thừa kế theo pháp luật, hoặc có người con nào đó trong số các anh, chị, em mất năng lực hành vi dân sự, có khó khăn trong nhận thức, làm chủ hành vi thì người con đó không được làm người làm chứng cho việc lập di chúc. Trong trường hợp cụ thể chị hỏi nếu tất cả anh, chị, em của chị là đều người thừa kế trong di chúc do bố mẹ chị để lại thì tất cả anh, chị, em không được làm chứng cho di chúc đó. Với đội ngũ các luật sư và chuyên gia pháp lý dày dạn kinh nghiệm trên tất cả các lĩnh vực như hôn nhân - gia đình, kinh doanh - thương mại, mua bán đất đai, sở hữu trí tuệ, lao động, hộ tịch, thừa kế..., chuyên mục Tư vấn pháp luật trên Tuổi Trẻ Sao sẽ giải đáp thắc mắc của bạn một cách nhiệt tình, nhanh chóng, chính xác, hiệu quả. Bạn đọc vui lòng gửi câu hỏi (gõ bằng tiếng Việt có dấu, font chữ UNICODE) về Tuổi Trẻ Sao qua địa chỉ tuvanphapluat@tuoitre.com.vn. Xin hỏi chồng mất năng lực hành vi dân sự mà được Nhà nước cấp đất thì vợ có được bán không và có cần phải ra tòa không?",Tuoitre
https://tuoitre.vn/khoi-to-lai-xe-roi-khoi-hien-truong-sau-tai-nan-giao-thong-20260310105357688.htm,Pháp luật,Khởi tố lái xe rời khỏi hiện trường sau tai nạn giao thông,"Ngày 10-3, Công an tỉnhQuảng Ninhcho biết Cơ quan cảnh sát điều tra Công an tỉnh đã ra quyết định khởi tố vụ án, khởi tố bị can đối với tài xế ô tô về hành vi vi phạm quy định về tham gia giao thông đường bộ sau khi gây tai nạn khiến một người bị thương nặng rồi rời khỏi hiện trường. Theo Công an tỉnh Quảng Ninh, khoảng 4h14 ngày 23-12-2025, Dương Văn Dinh, sinh năm 1986, trú tại thôn Nà Phai, xã Nghiên Loan, tỉnh Thái Nguyên, lái xe hơi trên quốc lộ 18 theo hướng từ phường Cẩm Phả đi phường Mông Dương. Khi đến km154+600 (thuộc khu 8B, phường Cửa Ông), do buồn ngủ và thiếu quan sát, Dinh đã điều khiển xe đâm vào bà N.T.H., sinh năm 1965, trú tại phường Cửa Ông, đang đẩy xe thu gom rác di chuyển trên làn đường bên phải theo chiều ngược lại. Cú va chạm mạnh khiến nạn nhân bị hất văng lên vỉa hè, phương tiện thu gom rác bị hư hỏng. Bà H. được người dân đưa đi cấp cứu trong tình trạng đa chấn thương, với tỉ lệ tổn thương cơ thể 92%. Đáng chú ý, sau khi gây tai nạn, Dương Văn Dinh chỉ dừng xe quan sát phía sau nhưng không xuống kiểm tra,không cứu giúp người bị nạn,không trình báo cơ quan chức năng mà rời khỏi hiện trường, tiếp tục lái xe về nhà trọ tại phường Mông Dương rồi đi làm như bình thường. Hành vi của Dinh chỉ bị phát hiện khi cơ quan công an tiến hành điều tra, truy xét. Căn cứ các tài liệu điều tra trong vụ việc, ngày 1-3, Cơ quan cảnh sát điều tra Công an tỉnh Quảng Ninh đã ra quyết định khởi tố vụ án hình sự, khởi tố bị can và áp dụng biện pháp ngăn chặn cấm đi khỏi nơi cư trú đối với Dương Văn Dinh. Sau tai nạn trên cao tốc, thấy tài xế xe khách bất động, nhiều người trên xe la lớn, ông Khởi lái xe container bỏ đi.",Tuoitre
https://tuoitre.vn/noi-lam-viec-thuoc-vung-1-noi-thuong-tru-thuoc-vung-3-huong-tro-cap-that-nghiep-theo-vung-nao-20260306225612549.htm,Pháp luật,"Nơi làm việc thuộc vùng 1, nơi thường trú thuộc vùng 3, hưởng trợ cấp thất nghiệp theo vùng nào?","* Hiện tại tôi tạm trú và làm việc tại TP.HCM (địa bàn vùng I). Trụ sở chính của công ty tư nhân mà tôi làm việc cũng thuộc vùng I. Sau này nếu tôi về địa phương nơi đăng ký thường trú (thuộc vùng III) để nộp hồ sơ và nhận trợ cấp thất nghiệp tại cơ quan BHXH địa phương thì mức hưởng tối đa trợ cấp thất nghiệp sẽ được tính theo mức lương tối thiểu vùng I (nơi làm việc trước đó) hay theo mức lương tối thiểu vùng III (nơi đăng ký hưởng trợ cấp)? Được biết mức hưởng trợ cấp thất nghiệp hằng tháng không quá 5 lần mức lương tối thiểu vùng đối với người lao động hưởng lương do doanh nghiệp quyết định. Tuy nhiên quy định này chưa nêu rõ áp dụng theo mức lương tối thiểu của vùng nào trong trường hợp làm việc và đăng ký hưởng ở hai vùng khác nhau. Xin cảm ơn. - Luật sư Hoàng Hà (Đoàn luật sư TP.HCM) trả lời: Từ ngày 1-1-2026, Luật Việc làm 2025 đã chính thức có hiệu lực, thay thế Luật Việc làm 2013. Luật mới này đã giải quyết triệt để vướng mắc mà bạn đang đề cập bằng cách quy định rất rõ ràng về thời điểm và địa bàn làm căn cứ tính mức trần. Cụ thể tại khoản 1 Điều 39 Luật Việc làm 2025 quy định: ""Mức hưởng trợ cấp thất nghiệp hằng tháng bằng 60% mức bình quân tiền lương tháng đóng bảo hiểm thất nghiệp của 6 tháng đã đóng bảo hiểm thất nghiệp gần nhất trước khi chấm dứt hợp đồng lao động, hợp đồng làm việc hoặc chấm dứt làm việc nhưng tối đa không quá 5 lần mức lương tối thiểu tháng theo vùng do Chính phủ công bố được áp dụng tại tháng cuối cùng đóng bảo hiểm thất nghiệp"". Tôi xin phân tích trường hợp của bạn như sau: Thứ nhất, xác định vùng áp dụng mức trần. Luật quy định căn cứ vào tháng cuối cùng đóng bảo hiểm thất nghiệp. Trước khi nghỉ việc, bạn làm việc và đóng bảo hiểm tại công ty có trụ sở ở TP.HCM (thuộc vùng I). Do đó mức lương tối thiểu vùng dùng để tính trần trợ cấp cho bạn bắt buộc phải là mức của vùng I. Thứ hai, địa điểm nộp hồ sơ không làm thay đổi quyền lợi. Việc bạn về quê (thuộc vùng III) để nộp hồ sơ đăng ký nhận trợ cấp thất nghiệp chỉ là thủ tục hành chính nhằm tạo sự thuận lợi tối đa cho người lao động khi đã nghỉ việc. Cơ quan Bảo hiểm xã hội tại địa phương sẽ truy xuất dữ liệu trên hệ thống và căn cứ vào lịch sử đóng bảo hiểm của bạn tại vùng I để tính toán mức hưởng, đảm bảo không làm thiệt thòi quyền lợi của bạn. Thứ ba là mức trần trợ cấp thất nghiệp tối đa bạn có thể nhận. Căn cứ theo Nghị định 293/2025/NĐ-CP quy định mức lương tối thiểu đối với người lao động làm việc theo hợp đồng lao động (áp dụng từ 1-1-2026), mức lương tối thiểu tháng của vùng I hiện nay là 5.310.000 đồng/tháng. Như vậy, mức trần trợ cấp thất nghiệp hằng tháng của bạn sẽ được tính như sau: Mức tối đa = 5 x 5.310.000 đồng = 26.550.000 đồng/tháng. Lưu ý: Số tiền trợ cấp thực tế bạn nhận mỗi tháng sẽ bằng 60% bình quân tiền lương tháng đóng bảo hiểm của 6 tháng cuối cùng trước khi nghỉ việc, miễn là kết quả này không vượt qua con số trần 26.550.000 đồng. Với đội ngũ các luật sư và chuyên gia pháp lý dày dạn kinh nghiệm trên tất cả các lĩnh vực như hôn nhân - gia đình, kinh doanh - thương mại, mua bán đất đai, sở hữu trí tuệ, lao động, hộ tịch, thừa kế..., chuyên mục Tư vấn pháp luật trên Tuổi Trẻ Sao sẽ giải đáp thắc mắc của bạn một cách nhiệt tình, nhanh chóng, chính xác, hiệu quả. Bạn đọc vui lòng gửi câu hỏi (gõ bằng tiếng Việt có dấu, font chữ UNICODE) về Tuổi Trẻ Sao qua địa chỉ tuvanphapluat@tuoitre.com.vn. Chỉ chậm đóng bảo hiểm xã hội thêm vài ngày sau mốc 60 ngày, hành vi của doanh nghiệp có thể bị chuyển từ vi phạm hành chính sang trốn đóng nếu không khắc phục, dù đã được cơ quan bảo hiểm xã hội đôn đốc.",Tuoitre
https://tuoitre.vn/thanh-nien-cuop-tiem-vang-o-thai-nguyen-bi-nguoi-dan-vay-bat-20251107143955204.htm,Pháp luật,Thanh niên cướp tiệm vàng ở Thái Nguyên bị người dân vây bắt,"Gần trưa nay (7-11), tại xã Trại Cau, tỉnh Thái Nguyên xảy ra một vụ cướp tiệm vàng. Theo thông tin ban đầu, một thanh niên đến tiệm vàng ở xã Trại Cau hỏi mua vàng. Sau đó, thanh niên này bất ngờ cầm sợi dây chuyền vàng lớn bỏ chạy. Trao đổi với phóng viênTuổi Trẻ, ông Hoàng Mạnh Hùng, Chủ tịch UBND xã Trại Cau, cho hay nghi phạm cướp tiệm vàng đã bị người dân vây bắt, khống chế giao cho Công an xã Trại Cau. Theo đó, một nam thanh niên  vào tiệm vàng Hạnh Thúy (xã Trại Cau) rồi giả vờ hỏi mua và xem dây chuyền. Trong lúc người trong tiệm vàng lơ là cảnh giác, thanh niên này giật sợi dây chuyền rồi bỏ chạy ra ngoài. Người dân trong khu vực tri hô, đuổi bắt, một lúc sau nghi phạm bị khống chế. Thông tin ban đầu, nghi phạm là một thanh niên sinh năm 2006, trú tại xã Nam Hòa (cách xã Trại Cau hơn 5km). Hiện vụ việc đang được cơ quan chức năng tiếp tục điều tra,  xử lý theo quy định. Ngày 5-9, thông tin từ xã Cần Giuộc, Tây Ninh cho biết công an đã bắt giữ Huỳnh Tấn Thiện (21 tuổi, ngụ xã Bình Khánh, TP.HCM) trong vụ cướp giật tài sản tại một tiệm vàng ở ấp Long Hậu 3, xã Cần Giuộc.",Tuoitre
https://tuoitre.vn/dam-chet-nguoi-sau-cuoc-nhau-nghi-pham-tron-vao-rung-van-bi-bat-sau-12-gio-20260310112407416.htm,Pháp luật,"Đâm chết người sau cuộc nhậu, nghi phạm trốn vào rừng vẫn bị bắt sau 12 giờ","Ngày 10-3, Công an tỉnh Quảng Ngãi thông tin Công an xã Đăk Sao phối hợpPhòng Cảnh sát hình sựđã bắt giữ Trương Văn Giang (32 tuổi, quê tỉnh Thái Nguyên) để điều tra hành vi dùng dao đâm chết người sau cuộc nhậu. Theo thông tin ban đầu, khoảng 19h ngày 8-3, tại khu vực ngã ba đường thuộc thôn Năng Nhỏ 1, xã Đăk Sao, Giang trong tình trạng đã uống rượu xảy ra mâu thuẫn, xô xát với anh A.T. (26 tuổi, trú cùng thôn). Sau khi cãi vã, Giang bỏ về nhà rồi lấy một con dao, quay lại khu vực ngã ba nơi có mâu thuẫn với anh T. trước đó. Tại đây, Giang rút dao đâm một nhát vào ngực trái anh T. rồi bỏ trốn khỏihiện trường. Nạn nhân được người dân đưa đi cấp cứu nhưng đã tử vong tại Trạm y tế xã Đăk Sao. Ngay sau khi nhận tin báo, Công an xã Đăk Sao đã nhanh chóng triển khai lực lượng truy tìmnghi phạm. Đại úy Phạm Tiến Tuy, Trưởng Công an xã, trực tiếp chỉ đạo cán bộ chiến sĩ phối hợp với lực lượng an ninh trật tự cơ sở và Phòng Cảnh sát hình sự Công an tỉnh tổ chức khoanh vùng, truy xét đối tượng. Lực lượng chức năng đồng thời vận động gia đình thuyết phục Giang ra đầu thú, nhưng nghi phạm vẫn tìm cách lẩn trốn. Qua xác minh, công an nhận định nghi phạm có thể trốn trong khu vực rừng gần hiện trường nên tổ chức nhiều mũi truy tìm, bao vây. Đến khoảng 8h sáng 9-3, sau hơn 12 giờ truy xét liên tục, lực lượng công an đã phát hiện và khống chế Trương Văn Giang khi nghi phạm đang lẩn trốn trong khu rừng thuộc thôn Năng Nhỏ 1. Thấy người đàn ông đi bộ lúc rạng sáng trên đường Lương Định Của (Nha Trang), hai thanh niên quay xe xin tiền. Khi bị từ chối, một người rút dao đâm khiến nạn nhân tử vong.",Tuoitre
https://tuoitre.vn/bo-truong-bo-tu-phap-tp-hcm-can-tien-phong-xay-dung-co-so-du-lieu-tai-san-thi-hanh-an-20260305192318729.htm,Pháp luật,Bộ trưởng Bộ Tư pháp: TP.HCM cần tiên phong xây dựng cơ sở dữ liệu tài sản thi hành án,"Báo cáo tại buổi làm việc, TrưởngThi hành án dân sựTP.HCM Nguyễn Văn Hòa cho biết sau khi sắp xếp, tổ chức lại bộ máy, khối lượng công việc của đơn vị chiếm 17% tổng số việcthi hành áncủa cả nước và hơn 40,6% về tiền. Trong 5 tháng thi đua năm 2026, tổng số việc và tiền phải thi hành củaThi hành án dân sựTP.HCM tiếp tục tăng so với cùng kỳ năm 2025. Cụ thể, các cơ quan Thi hành án dân sự TP.HCM đã thi hành xong 31.104 việc, đạt tỉ lệ 17,34%. Về tiền, đã thi hành xong 27.070 tỉ đồng, đạt tỉ lệ 45,24%. Đối với công tác thu hồi tài sản trong các vụ án tham nhũng, kinh tế, Thi hành án dân sự TP.HCM đã thi hành xong 109 việc, thu hồi được khoảng 2.350 tỉ đồng. Theo lãnh đạoThi hành án dân sựTP.HCM, đơn vị đang tích cực ứng dụng công nghệ thông tin nhằm nâng cao hiệu quả quản lý và tổ chức thi hành án. Trong thời gian qua,Thi hành án dân sựTP.HCM đã triển khai nhiều giải pháp số như phần mềm biên lai điện tử, hệ thống thông báo văn bản qua ứng dụngVNeIDcủa Bộ Công an, phần mềm báo cáo thống kê, phần mềm hỗ trợ ra quyết định thi hành án, phần mềm tổ chức thi hành án; đồng thời đưa vào vận hành Trung tâm điều hành thông minh (IOC) phục vụ công tác quản lý, chỉ đạo điều hành. Một dấu ấn nổi bật là việc xây dựng và vận hành phần mềm thanh toán tiền thi hành án trong vụ ánVạn Thịnh Phátvới hơn 43.000 đương sự tham gia. Thông qua hệ thống này,Thi hành án dân sựTP.HCM đã chuyển trả hơn 10.000 tỉ đồng cho các đương sự một cách chính xác, minh bạch. Bên cạnh đó, đơn vị đã phát hành hơn 88.988 biên lai điện tử, tương ứng với số tiền thi hành án thu được hơn 12.354 tỉ đồng. Thời gian tới,Thi hành án dân sựTP.HCM sẽ tiếp tục kiện toàn tổ chức bộ máy, triển khai hiệu quả nền tảng số trong thi hành án và nghiên cứu ứng dụng trí tuệ nhân tạo (AI), trợ lý ảo để hỗ trợ chấp hành viên, thẩm tra viên và thư ký trong công tác nghiệp vụ. Tại buổi làm việc, Thứ trưởng Bộ Tư pháp Mai Lương Khôi yêu cầuThi hành án dân sựTP.HCM phối hợp với đơn vị cung cấp dịch vụ để tiếp tục triển khai hiệu quả nền tảng số trong thi hành án dân sự. Theo ông Khôi, một trong những khâu dễ xảy ra sai sót hiện nay là xác minh, kê biên và xử lý tài sản thi hành án. Vì vậy cần sớm xây dựng cơ sở dữ liệu tài sản thi hành án. Cơ sở dữ liệu này sẽ bao gồm các nhóm tài sản đã được cơ quan tố tụng kê biên, tài sản do chấp hành viên xác minh trong quá trình xác minh điều kiện thi hành án, cũng như tài sản bị áp dụng các biện pháp bảo đảm và kê biên. Thứ trưởng Bộ Tư pháp cho biết đã 'đặt hàng'Thi hành án dân sựTP.HCM nghiên cứu và xây dựng cơ sở dữ liệu này trong thời gian sớm nhất, đồng thời kết nối với các hệ thống dữ liệu như đất đai, quy hoạch nhằm phục vụ việc kê biên, định giá và bán đấu giá tài sản. Từ nền tảng dữ liệu đó, hoạt động đấu giá tài sản trực tuyến cũng sẽ từng bước được triển khai, bảo đảm quy trình minh bạch và hạn chế tối đa nguy cơ can thiệp chủ quan trong quá trình đấu giá. ""Việc xây dựng cơ sở dữ liệu tài sản thi hành án sẽ giúp hoạt động thi hành án minh bạch hơn, đồng thời phòng ngừa tiêu cực và ngăn chặn vi phạm trong quá trình kê biên, xử lý tài sản"", ông Khôi nhấn mạnh. Hướng tới 100% đấu giá tài sản trực tuyến Phát biểu kết luận buổi làm việc, Bộ trưởng Bộ Tư pháp Nguyễn Hải Ninh ghi nhận và biểu dương những nỗ lực củaThi hành án dân sựTP.HCM trong thời gian qua, đặc biệt là tinh thần chủ động trong chuyển đổi số. Bộ trưởng đề nghị TP.HCM tiếp tục phát huy vai trò địa phương tiên phong, trở thành mô hình thí điểm để nhân rộng các giải pháp số trong hệ thống thi hành án dân sự trên toàn quốc. Trong đó việc xây dựng cơ sở dữ liệu tài sản thi hành án được xác định là nhiệm vụ nền tảng. Về lâu dài, hệ thống này sẽ kết nối với các cơ sở dữ liệu quốc gia khác như đất đai, quy hoạch, tạo điều kiện thuận lợi cho hoạt động thi hành án. Bộ trưởng cũng cho biết đây là bước chuẩn bị quan trọng để tiến tới 100% đấu giá tài sản thi hành án theo hình thức trực tuyến trong tương lai. Tại Hội nghị triển khai thực hiện chỉ tiêu, nhiệm vụ công tác thi hành án dân sự, thi hành án hành chính năm 2026 sáng 10-1, nhiều lãnh đạo các cơ quan trung ương và địa phương bày tỏ ấn tượng về chuyển đổi số của Thi hành án dân sự TP.HCM.",Tuoitre
https://tuoitre.vn/xet-xu-thanh-vien-nhom-kin-phe-lieu-chien-tranh-trom-sung-cua-bao-tang-di-ban-20260309154939066.htm,Pháp luật,Xét xử thành viên nhóm kín 'Phế liệu chiến tranh' trộm súng của bảo tàng đi bán,"Theo cáo trạng, ngày 24-3-2024, Công an quận Bình Thạnh (cũ) tiếp nhận tin báo từ Lực lượng quân báo của Ban Chỉ huy quân sự quận Bình Thạnh, nghi vấn có hành vi mua bán, vận chuyển trái phépvũ khíliên quan đến nhà xe H.P.. Căn cứ tin báo, Cơ quan cảnh sát điều tra Công an quận Bình Thạnh kiểm tra hành chính kho hàng của nhà xe H.P., thu giữ 1 thùng các tông bên trong có nhiều linh kiện của khẩu súng K54. Tiến hành xác minh thì người gửi thùng hàng trên là Nguyễn Minh Hiển. Qua làm việc, Hiển khai nhận là thành viên nhóm ""Phế liệuchiến tranh BW"" trên ứng dụng Facebook và thực hiện hành vi mua bán đạn, vũ khí với các thành viên khác. Kết quả xác minh từ năm 2022 đến nay, các đối tượng thành lập nhóm kín ""Phế liệu chiến tranh"" nhằm mục đích để thành viên trong nhóm trao đổi mua bán vũ khí quân dụng, vật liệu nổ, linh kiện vũ khí với nhau. Đến tháng 6-2023, nhóm này giải tán và thành lập nhóm mới tên ""Phế liệu chiến tranh BW"" với hơn 11.000 thành viên, trong đó có các thành viên từ nhóm cũ. Mục đích thành lập để các thành viên đăng bài mua bán súng, đạn, vật liệu nổ và linh kiện súng. Hình thức mua bán là những người tham gia mua bán nhắn tin riêng trong ứng dụng Messenger hoặc ứng dụng Telegram để thỏa thuận và tiến hành mua, bán với nhau. Sau khi mua bán thành công, đa số các thành viên sẽ xóa tin nhắn để tránh bị công an phát hiện. Cáo trạng xác định ngày 14-3-2024, Nguyễn Minh Hiển đến Bảo tàng tỉnh Quảng Trị, lợi dụng sơ hở của bảo vệ đã lấy trộm 1 khẩu súng K54, 1 khẩu súng AK, 1 khẩu súng P38 và 4 báng súng AR15 (M16). Sau khi lấy được, Hiển mang về cất giấu tại phòng trọ số 2C, đường 359, phường Phước Long B, TP Thủ Đức. Ngày 17-3-2024, Hiển liên hệ bán cho Phạm Hồng Ân 4 báng súng AR15 (M16) với giá 3,5 triệu đồng/báng, thu được tổng số tiền 14 triệu đồng. Ngày 24-3-2024, Hiển đến nhà xe H.P. để gửi 1 thùng các tông bên trong có nhiều linh kiện súng K54 (lắp ráp hoàn chỉnh thành 1 khẩu súng K54) cho 1 người ở TP Vinh, tỉnh Nghệ An thì bị cơ quan chức năng phát hiện. Quá trình điều tra xác định trước đó ngày 22-2-2024, Hiển đến Bảo tàng tỉnh Quảng Trị - Khe Sanh (huyện Hướng Hóa, tỉnh Quảng Trị) trộm cắp được 2 khẩu súng AK và 1 ống nhòm. Sau khi lấy được những đồ vật trên, Hiển liên hệ với Dương Tùng Sơn (sử dụng tài khoản Facebook tên ""Tùng Sơn"" quen biết trên nhóm ""Phế liệu chiến tranh BW"") và bán cho Sơn 1 khẩu súng AK báng gấp giá 20 triệu đồng. Đồng thời gửi Sơn giữ hộ 1 khẩu súng AK báng gỗ để kiếm khách hàng mua. Sau đó Hiển đi từ tỉnh Quảng Trị ra TP Hà Nội hẹn gặp Sơn để giao dịch mua bán súng. Hiển và Sơn gặp nhau tại phòng nhà nghỉ. Hiển nói cho Sơn biết 2 khẩu súng AK mang theo không có kim hỏa và khóa nòng, không thể sử dụng được. Sơn nói Hiển đưa cho Sơn 2 khẩu súng AK để Sơn tháo ra kiểm tra và Sơn xác nhận 2 khẩu súng AK đều thiếu kim hỏa. Sau khi kiểm tra súng xong, Sơn đưa cho Hiển 20 triệu đồng tiền mặt để thanh toán tiền mua 1 khẩu súng AK báng gấp và Hiển đưa cho Sơn 2 khẩu súng AK (trong đó 1 khẩu súng AK báng gấp bán cho Sơn và 1 khẩu súng AK báng gỗ là nhờ Sơn giữ hộ). Do có sở thích sưu tầm đạn nên Hiển lên các hội nhóm trên Facebook liên quan đến súng, đạn và Hiển xin được tổng cộng 34 viên đạn của một số người quen trên Facebook. Ngoài ra khoảng cuối năm 2021, Hiển mua pháo hoa của Bộ Quốc phòng trên mạng xã hội Facebook có tên tài khoản ""Pháo Hoa Tết Giá Rẻ"" với giá 520.000 đồng. Khi nhận pháo hoa, Hiển mở ra bắn thử, khi bắn hết hộp pháo thì phát hiện có 2 ống pháo không bắn được. Do tò mò, nên Hiển mở miệng giấy ở trên 2 ống pháo ra phát hiện bên trong có chất bột màu đen. Sau đó Hiển lấy một ít bột đốt thử và thấy hiện tượng cháy xám, nghe tiếng phụt nho nhỏ khoảng 2 đến 3 giây thì tắt. Sau khi thấy hiện tượng trên thì Hiển bỏ số bột còn lại vào túi zip và cất giấu trên kệ để đồ tại phòng trọ. Các công tố viên Cuba chính thức truy tố 6 người với tội danh ""khủng bố"" và ra lệnh tạm giam chờ xét xử, liên quan đến vụ việc đấu súng trên biển hôm 25-2.",Tuoitre
https://tuoitre.vn/5-thang-pha-chuyen-an-lua-dao-dac-biet-lon-hoat-dong-tu-campuchia-20260117154528279.htm,Pháp luật,5 tháng phá chuyên án lừa đảo đặc biệt lớn hoạt động từ Campuchia,"Sáng 17-1, Chủ tịch UBND tỉnh Tuyên Quang Phan Huy Ngọc đã động viên, khen thưởng đột xuất ban chuyên án đã triệt phá, bắt giữ 205 người trong tổ chức lừa đảo tại Campuchia. Trước đó, Công an tỉnh Tuyên Quang đã xác lập chuyên án và phá án thành công, bắt giữ 205 người trong tổ chức lừa đảo ở Campuchia. Ngày 15-1, Công an tỉnh Tuyên Quang di lý 74 người, ngày 17-1, cơ quan này tiếp tục di lý 54 người trong tổng số 205 người bị phát hiện, bắt giữ tại Campuchia về nước. Thiếu tướng Nguyễn Đức Thuận, Giám đốc Công an tỉnh Tuyên Quang, cho hay đây là vụ án có tính chất phức tạp nhất, liên quan nhiều đối tượng nhất và triệt phá trong thời gian ""thần tốc"" nhất mà Công an tỉnh Tuyên Quang đã phá án. Qua công tác trinh sát và nắm thông tin tố giác tội phạm, Phòng Cảnh sát hình sự, Công an tỉnh Tuyên Quang xác định đây là một đường dây lừa đảo, rửa tiền sử dụng công nghệ cao, có tính chất xuyên biên giới. Phương thức, thủ đoạn của đường dây này là giả danh lực lượng công an, gọi điện hướng dẫn cập nhật thông tin sổ hộ khẩu điện tử. Ngoài ra là những thủ đoạn giả danh nhân viên điện lực, shipper… gọi điện, gửi đường link có chứa mã độc về điện thoại của các bị hại. Khi người bị hại click vào đường link có chứa mã độc sẽ bị chiếm quyền kiểm soát điện thoại, bị chiếm đoạt tiền trong các ứng dụng ngân hàng. Bằng các biện pháp nghiệp vụ và sự giúp đỡ của người dân, Công an tỉnh Tuyên Quang đã thâm nhập thu thập thông tin, dữ liệu của các tổ chức, đường dây lừa đảo này ở Campuchia. Ban chuyên án cũng lần theo hàng trăm nghìn giao dịch ngân hàng để tìm ra manh mối của người trong tổ chức lừa đảo. Ngày 12-1, Công an tỉnh Tuyên Quang phối hợp với Cục Cảnh sát hình sự (Bộ Công an), Công an tỉnh Tây Ninh, Cơ quan đại diện Bộ Công an Việt Nam tại Campuchia và Cảnh sát Hoàng gia Campuchia đồng loạt kiểm tra tại các Đặc khu Kim Sa 1, Kim Sa 3, Titan, Tam Thái Tử thuộc thành phố Bavet, tỉnh SvayRieng (Vương quốc Campuchia). Tại đây, lực lượng chức năng đã phát hiện, bắt giữ 205 công dân Việt Nam đang hoạt động tại các tổ chức lừa đảo, tạm giữ 10 máy tính tích hợp và 25 điện thoại di động. Động viên cán bộ, chiến sĩ phá án, ông Phan Huy Ngọc, Chủ tịch UBND tỉnh Tuyên Quang, biểu dương lòng nhiệt huyết, tinh thần quả cảm trong đấu tranh phòng, chống tội phạm của lực lượng Công an tỉnh Tuyên Quang. Ông cho hay, từ những thông tin, manh mối rất nhỏ, nhưng nếu không có ý thức nghiệp vụ, tinh thần kiên quyết đấu tranh với tội phạm, hết lòng vì cuộc sống bình yên của nhân dân thì sự việc rất dễ kết thúc nhanh chóng, đơn giản. Chủ tịch UBND tỉnh Tuyên Quang biểu dương, đánh giá cao tinh thần đấu tranh và kết quả bước đầu của Ban chuyên án. Ông đề nghị Công an tỉnh Tuyên Quang nhanh chóng phân loại đối tượng, tiếp tục làm rõ vai trò của từng người trong các tổ chức lừa đảo, sớm chuyển hồ sơ sang các cơ quan tố tụng truy tố trước pháp luật. 658 người nước ngoài đã bị bắt giữ trong chiến dịch trấn áp lừa đảo trực tuyến tại thành phố Bavet, tỉnh Svay Rieng, Campuchia.",Tuoitre
https://tuoitre.vn/nam-2025-tp-hcm-phat-hien-nhieu-vu-ma-tuy-qua-chuyen-phat-nhanh-20260305180715565.htm,Pháp luật,"Năm 2025, TP.HCM phát hiện nhiều vụ ma túy qua chuyển phát nhanh","Theo báo cáo của UBND TP.HCM về tổng kết phòng, chốngma túynăm 2025 và phương hướng năm 2026, trong năm qua, tình hình tội phạm ma túy tiếp tục diễn biến phức tạp. Toàn thành phố phát hiện 5.790 vụ với 15.240 đối tượng vi phạm pháp luật về ma túy, tăng 1.068 vụ (22,62%) và 3.720 đối tượng (32,29%) so với năm 2024. Bên cạnh hoạt động của các đường dâyvận chuyển, mua bán trái phép chất ma túy từ ""Tam giác vàng"" về các tỉnh giáp biên giới Campuchia, Lào, thời gian qua vẫn phát hiện các vụ vận chuyển ma túy có nguồn gốc từ châu Âu, châu Mỹ được một số người gốc Việt định cư tại nước ngoài lợi dụng sự mất cảnh giác của các đơn vị bưu chính, chuyển phát nhanh quốc tế để vận chuyển về Việt Nam qua sân bay quốc tế Tân Sơn Nhất. Ma túy sau khi tập kết về TP.HCM được chia nhỏ, cất giấu tại các kho hàng, xưởng sản xuất của các doanh nghiệp ""bình phong"" hoặc căn hộ chung cư, nhà trọ để tránh sự phát hiện của cơ quan chức năng. ""Ngoài phương thức giao dịch ma túy truyền thống, các đối tượng đã kết hợp phương thức thủ đoạn mới, lợi dụng khoa học công nghệ, lập các hội, nhóm kín trên không gian mạng để trao đổi mua bán ma túy, thanh toán qua ngân hàng, tiền điện tử, dùng các ứng dụng giao hàng công nghệ để giao ma túy"", báo cáo nêu rõ. Qua đấu tranh, lực lượng chức năng đã thu giữ nhiều loại ma túy, chất cấm liên quan ma túy, tiền chất cùng nhiều tang vật. Cơ quan điều tra đã khởi tố 4.424 vụ với 12.172 bị can, xử lý hành chính 1.309 vụ với 2.940 đối tượng, chuyển công an tỉnh, lực lượng khác xử lý 57 vụ với 128 đối tượng. Đối với các điểm tổ chức, chứa chấp sử dụng trái phép chất ma túy, thành phố đưa vào quản lý 32 điểm và 710 người mua bán trái phép chất ma túy. Kết quả rà soát, phân loại địa bàn đến ngày 14-12-2025, TP.HCM đề nghị xét 156 địa bàn trọng điểm loại 3, có 12 địa bàn đạt tiêu chí địa bàn không ma túy. Về hợp tác quốc tế, thành phố thụ lý, giải quyết 33 vụ với 49 đối tượng liên quan đến ma túy. Trong số này có 39 bị can bị khởi tố là người nước ngoài hoặc người Việt Nam có quốc tịch nước ngoài. Năm 2026, TP.HCM tiếp tục triển khai các nghị quyết, chương trình về phòng, chống ma túy, phấn đấu xây dựng 30% địa bàn không ma túy trong năm 2026, hướng tới mục tiêu đến năm 2030 xây dựng thành phố không ma túy. Năm 2025, TP.HCM triển khai quyết liệt phòng chống ma túy với sự tham gia của cả hệ thống chính trị. Việc điều tra, truy tố, xét xử bảo đảm đúng pháp luật, tăng cường truy xét các đường dây, điểm tổ chức, chứa chấp sử dụng trái phép chất ma túy. Hoạt động tuyên truyền được đổi mới, phong trào toàn dân tham gia phòng chống ma túy, hỗ trợ người nghiện và người sau cai tiếp tục được duy trì. Số vụ và số đối tượng bị xử lý tăng so với năm trước. Tuy nhiên việc quản lý người nghiện, người sử dụng và người sau cai ở cơ sở chưa đồng đều. Kiểm soát hóa chất, tiền chất còn vướng mắc do thiếu cơ chế phối hợp, chia sẻ thông tin. Năm đầu triển khai xây dựng địa bàn không ma túy, nhiều địa phương còn lúng túng, trong khi dân số đông (sau sáp nhập), biến động lớn gây áp lực cho việc quản lý. Bộ đội Biên phòng Việt Nam ghi nhận nhiều kết quả trong đấu tranh phòng chống tội phạm và tinh gọn tổ chức năm 2025.",Tuoitre
https://tuoitre.vn/bat-ke-cuop-giat-dien-thoai-chi-sau-1-gio-gay-an-20260310114333799.htm,Pháp luật,Bắt kẻ cướp giật điện thoại chỉ sau 1 giờ gây án,"Theo Công an tỉnhĐồng Tháp, đối tượng bị bắt giữ là Lê Long Hồ (36 tuổi, ngụ ấp Mỹ Bình, xã Tân Phú, Đồng Tháp). Hồ bị bắt để điều tra, xử lý về hành vi cướp giật tài sản. Trước đó, vào khoảng 14h30 ngày 9-3, Hồ đến tiệm điện thoại di động Smile mobile2 thuộc ấp 5, xã Tân Phước 3, tỉnh Đồng Tháp giả vờ hỏi mua điện thoại. Lợi dụng lúc chủ tiệm không chú ý, Hồ lấy một điện thoại di động hiệuiPhonetrị giá khoảng 12 triệu đồng rồi bỏ chạy. Chủ tiệm tri hô và cùng người dân truy đuổi, đồng thời trình báo Công an xã. Tiếp nhận tin báo, khoảng một giờ sau, Công an xã Tân Phước 3 bố trí lực lượng chốt chặn và bắt giữ được Hồ cùng tang vật. Công an xã Tân Phước 3 phối hợp các đơn vị nghiệp vụ tiếp tục điều tra, xử lý Lê Long Hồ theo quy định pháp luật. Chị M. vừa chạy xe máy vừa sử dụng điện thoại thì bị hai tên cướp giật lấy. Được 1km, xe máy của hai tên cướp bị hư và cả hai nhanh chóng bị tóm gọn.",Tuoitre
https://tuoitre.vn/noi-an-han-muon-mang-tu-chuyen-cu-cai-vo-chong-20260103080553234.htm,Pháp luật,Nỗi ân hận muộn màng từ chuyện cự cãi vợ chồng,"Suốt phiên tòa, bị cáo Uyên liên tục khóc lóc và xin lỗi gia đình bị hại. Nhưng đã quá muộn khi người vợ mất đi và những nỗi đau dai dẳng còn để lại cho những người thân trong gia đình. Từ đầu giờ chiều, bên ngoài tòa đã có mặt khá đông người thân, bạn bè, hàng xóm của cả hai gia đình. Cha mẹ ruột của bà Tr. đến tòa khá sớm. Khi được dẫn giải vào phòng xử, bị cáo Uyên chắp tay quay về phía gia đình bên vợ, bật khóc, nói: ""Con xin lỗi ba mẹ. Con xin lỗi ba mẹ"". Nếu không có bi kịch xảy ra, có lẽ đã không có cảnh người thân của bị hại và bị cáo phải ngồi đối diện nhau trong một phiên tòa hình sự. Trong suốt quá trình xét xử, bị cáo Uyên nhiều lần quay sang phía bên bàn dành cho đại diện bị hại (cũng là cha mẹ vợ) khóc lóc, xin lỗi. Ông Uyên khai hôm đó sau khi chở con đi học, về nhà, xuống bếp, chuẩn bị đồ ăn thì vợ nói sẽ đi Hà Nội với bạn. ""Bị cáo nói để hè rồi đi, chừ đang mùa làm, thiếu nợ bà con, nhà lại thuê nữa, đi rứa răng được. Vợ bị cáo nói lại: Anh làm chi có quyền cấm tôi. Cãi qua cãi về thì bị cáo xô vợ té đập đầu vào góc bàn, chảy máu"" - bị cáo thuật lại. Bị cáo Uyên vừa khóc vừa nói: ""Lúc đó tôi hoảng loạn quá..."". Sau khi được chủ tọa phiên tòa nhắc nhở, bị cáo khai quá trình giết vợ, phân xác và phi tang. ""Vợ là đầu gối tay ấp với mình, lẽ ra khi thấy vợ chảy máu phải kêu xe đưa đi cấp cứu. Nhưng bị cáo cố tình tước đoạt mạng sống của vợ nên mới dùng chày đập nhiều lần. Khi bà Tr. chết, bị cáo lo sợ nên mới dùng dao phân xác để vứt xuống biển. Như thế có tàn bạo không?"" - tòa hỏi. Bị cáo Uyên sụt sịt: ""Lúc đó bị cáo hoảng loạn quá"". Tòa tiếp tục truy vấn: ""Vợ sinh cho mình 3 đứa con. Khi thực hiện hành vi bị cáo có nghĩ sẽ bị pháp luật xử lý. Có nghĩ người thân của mình sẽ ra sao?"" Bị cáo lại mếu máo: ""Lúc đó bị cáo rối loạn quá"". Tòa không chấp nhận lời bao biện này. ""Rối loạn gì? Bị cáo ra tay xong còn bình tĩnh dùng xe máy chở thi thể vợ đi cất giấu. Rồi chọn thời điểm đưa lên thuyền mang ra biển. Bị cáo nói sợ, sợ sao không ra cơ quan điều tra tự thú. Sợ thì khi xảy ra phải đưa vợ đi cấp cứu liền"" - tòa nhấn mạnh. Nghe vậy, bị cáo Uyên khóc hu hu. Phát biểu quan điểm luận tội, vị đại diện viện kiểm sát xác định hành vi ra tay của bị cáo cho thấy sự vô cảm với vợ và để lại những hậu quả không thể khắc phục được. Vợ mất, các con trở thành trẻ mồ côi và bị tổn thương tâm lý lâu dài. Những người thân trong gia đình phải gánh chịu nỗi đau dai dẳng. Dù phiên tòa hôm nay bị cáo đã thành khẩn khai báo, ăn năn, hối cải nhưng tội ác của bị cáo thì không thể nào tha thứ được. Việc cảm hóa, giáo dục bị cáo không còn có ý nghĩa, do đó loại bỏ bị cáo ra khỏi xã hội mới tương xứng với hành vi và hậu quả đã gây ra. Đại diện viện kiểm sát đã đề nghị xử phạt mức án cao nhất. Khi được tòa hỏi ý kiến, cha mẹ của bà Tr. nói rằng không yêu cầu bị cáo bồi thường dân sự. ""Mạng sống của con người là quý giá nhất, không có chi bù đắp được. Giờ con tôi mất đau đớn như vậy, mấy đứa nhỏ phải về ở với ông bà. Chúng tôi chỉ lo tuổi già sức yếu, không đủ sức nuôi các cháu"" - cha của bà Tr. buồn nói. Hội đồng xét xử nhận định xuất phát từ mâu thuẫn nhỏ nhặt trong đời sống sinh hoạt, bị cáo Uyên đã có hành vi dùng tay đánh vợ té ngã, sau đó dùng chày đánh chết, rồi phân xác phi tang... đủ yếu tố cấu thành tội giết người. Bị cáo và bị hại không có mâu thuẫn gì nghiêm trọng. Chỉ vì lời qua tiếng lại, song với bản tính côn đồ hung hãn, cố ý tước đoạt tính mạng của bà Tr. nên bị cáo đã thực hiện hành vi như trên. Bản cáo trạng truy tố bị cáo với hai tình tiết định khung - thực hiện tội phạm một cách man rợ và có tính chất côn đồ - là có căn cứ, đúng người, đúng tội và đúng pháp luật. Bị cáo cố ý thực hiện phạm tội đến cùng là tình tiết tăng nặng trách nhiệm hình sự. Việc các cơ quan tiến hành tố tụng khởi tố, điều tra, truy tố bị cáo ra trước tòa để trừng trị và xử lý nghiêm khắc là cần thiết. ""Hành vi phạm tội của bị cáo thuộc trường hợp đặc biệt nghiêm trọng. Bị cáo thực hiện hành vi với nhiều tình tiết man rợ, tàn nhẫn, côn đồ, không có tính người; thể hiện sự suy đồi về đạo đức, lối sống, vong ân bội nghĩa với chính người vợ của mình, để lại nỗi đau cho gia đình bị hại. Xét thấy không còn khả năng cải tạo, giáo dục bị cáo, đồng thời để đảm bảo tính nghiêm minh của pháp luật, nhằm duy trì trật tự xã hội và răn đe, phòng ngừa chung, do đó hội đồng xét xử quyết định xử phạt bị cáo mức án cao nhất: tử hình"" - tòa tuyên. Hồ sơ vụ án thể hiện: Khoảng 6h30 ngày 6-2-2025, sau khi chở con đi học quay về nhà, Trần Bảo Uyên đi mua đồ ăn sáng cho gia đình và người làm thuê. Ăn sáng xong, con riêng và người làm thuê rời khỏi nhà để đi làm nghêu. Lúc này ở nhà chỉ còn Uyên, bà Tr., cháu K. (con của bà Tr. và Uyên), bà B. (mẹ ruột của Uyên, bị liệt). Đến 8h40, bà Tr. nói với Uyên: ""Xíu nữa em đi du lịch xả stress với bạn học cũ ở Hà Nội"". Uyên trả lời: ""Đang đi làm mà du lịch chi em"". Bà Tr. nói: ""Kệ tôi, không lẽ ông cấm tôi"". Nghe vậy, Uyên bực tức nên cãi nhau với vợ. Trong lúc cãi nhau, Uyên dùng tay phải đánh mạnh vào đầu, xô bà Tr. ngã xuống sàn nhà bếp. Đầu bà Tr. chạm vào góc cạnh bàn nên bị thương, chảy nhiều máu, cơ thể co giật. Thấy bà Tr. bị thương nặng rên la, Uyên cầm chày bằng gỗ đánh nhiều cái vào người khiến nạn nhân chết. Biết bà Tr. đã chết, để che giấu hành vi giết người, Uyên kéo thi thể nạn nhân vào phòng vệ sinh và phân xác. Uyên khiêng các phần thi thể của nạn nhân bỏ lên xe máy chở ra giấu tại bụi cây ở phường Sơn Trà (Đà Nẵng), rồi về nhà thay quần áo. Chiều cùng ngày, Uyên mang thi thể bỏ lên thuyền rồi chở ra biển Tiên Sa vứt xuống. Các phần thi thể trên trôi dạt vào bãi biển ở tỉnh Quảng Nam cũ và tỉnh Ninh Thuận cũ... Sau gần 1/4 thế kỷ lẩn trốn truy nã với 2 tội giết người và mua bán chất ma túy, với vỏ bọc doanh nhân tại Lào, Nguyễn Thị Bé phẫu thuật thẩm mỹ nhưng vẫn bị phát hiện, bắt giữ.",Tuoitre
